Event Name,Date,Time,Venue/Location,Ticket Price (USD),Category,Source URL,Description,All Sources,Listings Merged,Island Match,Lat,Lng
Christmas Day,2026-12-25,,,,General,https://www.visitmontserrat.com/event/christmas-day-2026-12-25/,,tribe: https://www.visitmontserrat.com/event/christmas-day-2026-12-25/,1,Montserrat,16.79,-62.21
Boxing Day,2026-12-26,,,,Sports & Fitness,https://www.visitmontserrat.com/event/boxing-day-2026-12-26/,,tribe: https://www.visitmontserrat.com/event/boxing-day-2026-12-26/,1,Montserrat,16.79,-62.21
Festival Day,2026-12-31,,,,Festival,https://www.visitmontserrat.com/event/festival-day-2026-12-31/,,tribe: https://www.visitmontserrat.com/event/festival-day-2026-12-31/,1,Montserrat,16.79,-62.21
New Year’s Day,2027-01-01,,,,General,https://www.visitmontserrat.com/event/new-years-day-2027-01-01/,,tribe: https://www.visitmontserrat.com/event/new-years-day-2027-01-01/,1,Montserrat,16.79,-62.21
St Patrick’s Day,2027-03-17,,,,General,https://www.visitmontserrat.com/event/st-patricks-day-2027-03-17/,,tribe: https://www.visitmontserrat.com/event/st-patricks-day-2027-03-17/,1,Montserrat,16.79,-62.21
Good Friday,2027-04-02,,,,General,https://www.visitmontserrat.com/event/good-friday-2027-04-02/,,tribe: https://www.visitmontserrat.com/event/good-friday-2027-04-02/,1,Montserrat,16.79,-62.21
Easter Monday,2027-04-12,,,,General,https://www.visitmontserrat.com/event/easter-monday-2027-04-12/,,tribe: https://www.visitmontserrat.com/event/easter-monday-2027-04-12/,1,Montserrat,16.79,-62.21
Labour Day,2027-05-03,,,,General,https://www.visitmontserrat.com/event/labour-day-2027-05-03/,,tribe: https://www.visitmontserrat.com/event/labour-day-2027-05-03/,1,Montserrat,16.79,-62.21
Christmas Day,2027-12-25,,,,General,https://www.visitmontserrat.com/event/christmas-day-2027-12-25/,,tribe: https://www.visitmontserrat.com/event/christmas-day-2027-12-25/,1,Montserrat,16.79,-62.21
Boxing Day,2027-12-26,,,,Sports & Fitness,https://www.visitmontserrat.com/event/boxing-day-2027-12-26/,,tribe: https://www.visitmontserrat.com/event/boxing-day-2027-12-26/,1,Montserrat,16.79,-62.21
Festival Day,2027-12-31,,,,Festival,https://www.visitmontserrat.com/event/festival-day-2027-12-31/,,tribe: https://www.visitmontserrat.com/event/festival-day-2027-12-31/,1,Montserrat,16.79,-62.21
New Year’s Day,2028-01-01,,,,General,https://www.visitmontserrat.com/event/new-years-day-2028-01-01/,,tribe: https://www.visitmontserrat.com/event/new-years-day-2028-01-01/,1,Montserrat,16.79,-62.21
St Patrick’s Day,2028-03-17,,,,General,https://www.visitmontserrat.com/event/st-patricks-day-2028-03-17/,,tribe: https://www.visitmontserrat.com/event/st-patricks-day-2028-03-17/,1,Montserrat,16.79,-62.21
Good Friday,2028-04-07,,,,General,https://www.visitmontserrat.com/event/good-friday-2028-04-07/,,tribe: https://www.visitmontserrat.com/event/good-friday-2028-04-07/,1,Montserrat,16.79,-62.21
Easter Monday,2028-04-10,,,,General,https://www.visitmontserrat.com/event/easter-monday-2028-04-10/,,tribe: https://www.visitmontserrat.com/event/easter-monday-2028-04-10/,1,Montserrat,16.79,-62.21
Labour Day,2028-05-01,,,,General,https://www.visitmontserrat.com/event/labour-day-2028-05-01/,,tribe: https://www.visitmontserrat.com/event/labour-day-2028-05-01/,1,Montserrat,16.79,-62.21
